OrderID,Date,Product,Category,Region,Price,Quantity,Total_Sales
1,2024-01-31,Mouse,Accessories,North,22061,3,66183
2,2024-04-23,Keyboard,Accessories,West,24365,1,24365
3,2024-03-10,Keyboard,Accessories,East,39811,7,278677
4,2024-03-27,Keyboard,Accessories,South,9908,9,89172
5,2024-06-17,Tablet,Electronics,West,16707,3,50121
6,2024-02-08,Keyboard,Accessories,North,24280,3,72840
7,2024-07-28,Headphones,Accessories,South,10658,3,31974
8,2024-09-13,Monitor,Electronics,South,43312,3,129936
9,2024-07-06,Mouse,Accessories,East,27860,6,167160
10,2024-01-08,Laptop,Electronics,North,7245,9,65205
11,2024-10-07,Monitor,Electronics,South,5447,10,54470
12,2024-01-28,Tablet,Electronics,East,34561,1,34561
13,2024-07-02,Tablet,Electronics,South,25415,1,25415
14,2024-01-01,Keyboard,Accessories,North,44838,6,269028
15,2024-03-11,Monitor,Electronics,East,48316,4,193264
16,2024-09-28,Monitor,Electronics,East,35068,5,175340
17,2024-03-21,Keyboard,Accessories,East,3481,8,27848
18,2024-07-23,Keyboard,Accessories,North,5249,10,52490
19,2024-06-24,Keyboard,Accessories,East,9110,10,91100
20,2024-01-13,Headphones,Accessories,East,29194,5,145970
21,2024-10-18,Keyboard,Accessories,North,14759,4,59036
22,2024-01-09,Tablet,Electronics,East,31585,8,252680
23,2024-07-01,Tablet,Electronics,East,35631,5,178155
24,2024-08-30,Headphones,Accessories,East,21891,4,87564
25,2024-01-28,Tablet,Electronics,West,9807,10,98070
26,2024-10-17,Mouse,Accessories,West,7561,5,37805
27,2024-05-25,Monitor,Electronics,North,3573,2,7146
28,2024-06-22,Mouse,Accessories,West,44050,7,308350
29,2024-02-09,Tablet,Electronics,South,5332,4,21328
30,2024-01-10,Keyboard,Accessories,East,31797,6,190782
31,2024-08-18,Laptop,Electronics,West,25377,6,152262
32,2024-03-06,Tablet,Electronics,West,3325,1,3325
33,2024-03-03,Mouse,Accessories,South,43810,5,219050
34,2024-05-25,Headphones,Accessories,West,20747,4,82988
35,2024-03-20,Monitor,Electronics,South,20443,7,143101
36,2024-01-20,Laptop,Electronics,West,36741,4,146964
37,2024-05-29,Headphones,Accessories,West,25397,1,25397
38,2024-06-20,Mobile,Electronics,East,28508,7,199556
39,2024-10-12,Mouse,Accessories,West,32703,5,163515
40,2024-10-21,Monitor,Electronics,West,45557,2,91114
41,2024-04-05,Mobile,Electronics,West,16706,3,50118
42,2024-10-25,Headphones,Accessories,North,1204,7,8428
43,2024-10-03,Monitor,Electronics,South,35373,7,247611
44,2024-03-09,Mouse,Accessories,East,11175,9,100575
45,2024-03-03,Keyboard,Accessories,East,21747,1,21747
46,2024-08-20,Keyboard,Accessories,West,34982,7,244874
47,2024-01-16,Keyboard,Accessories,East,45417,2,90834
48,2024-02-28,Headphones,Accessories,East,2507,9,22563
49,2024-10-09,Keyboard,Accessories,East,22104,1,22104
50,2024-10-20,Laptop,Electronics,South,47700,9,429300
51,2024-05-01,Mouse,Accessories,North,32845,5,164225
52,2024-06-10,Keyboard,Accessories,North,18614,2,37228
53,2024-09-22,Headphones,Accessories,North,15135,10,151350
54,2024-08-11,Tablet,Electronics,East,6788,2,13576
55,2024-01-18,Monitor,Electronics,West,38700,5,193500
56,2024-05-26,Mouse,Accessories,East,46025,1,46025
57,2024-08-21,Monitor,Electronics,North,30956,9,278604
58,2024-10-06,Tablet,Electronics,West,2769,8,22152
59,2024-07-17,Tablet,Electronics,West,9882,4,39528
60,2024-02-28,Laptop,Electronics,North,25800,4,103200
61,2024-09-09,Tablet,Electronics,East,21564,1,21564
62,2024-07-07,Headphones,Accessories,West,45685,5,228425
63,2024-01-13,Keyboard,Accessories,North,39537,4,158148
64,2024-01-20,Tablet,Electronics,North,6538,6,39228
65,2024-01-09,Mouse,Accessories,South,8099,7,56693
66,2024-05-22,Mouse,Accessories,East,7619,7,53333
67,2024-03-14,Tablet,Electronics,South,3357,9,30213
68,2024-02-24,Headphones,Accessories,East,22743,6,136458
69,2024-01-04,Headphones,Accessories,South,48747,8,389976
70,2024-09-16,Mobile,Electronics,North,6391,5,31955
71,2024-01-16,Laptop,Electronics,East,21985,5,109925
72,2024-06-20,Mobile,Electronics,West,25743,5,128715
73,2024-07-22,Monitor,Electronics,West,31103,2,62206
74,2024-08-29,Mobile,Electronics,East,19849,7,138943
75,2024-01-17,Headphones,Accessories,East,6528,7,45696
76,2024-03-31,Headphones,Accessories,North,36519,8,292152
77,2024-07-09,Headphones,Accessories,South,17449,10,174490
78,2024-06-29,Mouse,Accessories,South,28395,6,170370
79,2024-01-07,Mobile,Electronics,West,47669,8,381352
80,2024-04-06,Monitor,Electronics,South,40371,9,363339
81,2024-06-13,Laptop,Electronics,East,2137,5,10685
82,2024-08-05,Laptop,Electronics,East,11641,10,116410
83,2024-03-30,Tablet,Electronics,West,9823,6,58938
84,2024-03-13,Headphones,Accessories,North,6841,1,6841
85,2024-06-18,Laptop,Electronics,North,25336,2,50672
86,2024-05-06,Mouse,Accessories,South,21693,8,173544
87,2024-05-21,Laptop,Electronics,East,41974,10,419740
88,2024-08-03,Keyboard,Accessories,South,46885,9,421965
89,2024-09-05,Keyboard,Accessories,East,9118,1,9118
90,2024-03-04,Headphones,Accessories,West,43142,2,86284
91,2024-06-27,Mouse,Accessories,South,38963,3,116889
92,2024-05-06,Monitor,Electronics,West,48530,9,436770
93,2024-10-22,Tablet,Electronics,North,29508,1,29508
94,2024-06-17,Mobile,Electronics,East,32923,6,197538
95,2024-01-07,Mouse,Accessories,East,9409,1,9409
96,2024-07-04,Mobile,Electronics,East,11047,6,66282
97,2024-01-26,Mouse,Accessories,North,47414,10,474140
98,2024-09-28,Headphones,Accessories,East,17594,5,87970
99,2024-09-24,Headphones,Accessories,East,5418,6,32508
100,2024-07-18,Tablet,Electronics,South,21528,6,129168
101,2024-06-07,Tablet,Electronics,South,19019,9,171171
102,2024-03-02,Keyboard,Accessories,South,18727,9,168543
103,2024-07-08,Tablet,Electronics,South,25587,9,230283
104,2024-02-05,Monitor,Electronics,South,39772,3,119316
105,2024-04-01,Keyboard,Accessories,East,2662,6,15972
106,2024-07-30,Laptop,Electronics,South,8834,9,79506
107,2024-07-18,Mouse,Accessories,South,20721,4,82884
108,2024-09-01,Laptop,Electronics,South,44120,3,132360
109,2024-10-20,Headphones,Accessories,East,47794,2,95588
110,2024-02-08,Mobile,Electronics,South,37054,6,222324
111,2024-05-28,Mouse,Accessories,West,3144,10,31440
112,2024-07-14,Monitor,Electronics,East,15991,8,127928
113,2024-05-28,Mobile,Electronics,West,3219,1,3219
114,2024-06-17,Headphones,Accessories,East,13302,8,106416
115,2024-10-16,Monitor,Electronics,South,45656,2,91312
116,2024-04-13,Keyboard,Accessories,West,44699,10,446990
117,2024-10-01,Laptop,Electronics,West,31516,3,94548
118,2024-07-24,Mouse,Accessories,North,47263,3,141789
119,2024-10-27,Monitor,Electronics,South,22517,7,157619
120,2024-04-24,Monitor,Electronics,West,20208,7,141456
121,2024-09-01,Tablet,Electronics,East,9246,5,46230
122,2024-08-26,Headphones,Accessories,North,47178,2,94356
123,2024-08-01,Headphones,Accessories,South,46241,3,138723
124,2024-02-07,Mouse,Accessories,South,30533,7,213731
125,2024-01-14,Tablet,Electronics,North,23799,3,71397
126,2024-08-25,Tablet,Electronics,South,22320,7,156240
127,2024-04-06,Keyboard,Accessories,West,32283,9,290547
128,2024-04-03,Mouse,Accessories,East,27402,8,219216
129,2024-05-31,Headphones,Accessories,East,9598,3,28794
130,2024-03-05,Keyboard,Accessories,West,1174,4,4696
131,2024-08-29,Keyboard,Accessories,North,14561,3,43683
132,2024-09-07,Mobile,Electronics,South,42210,4,168840
133,2024-04-29,Monitor,Electronics,West,7535,10,75350
134,2024-04-30,Mouse,Accessories,West,19753,10,197530
135,2024-09-08,Laptop,Electronics,West,10426,8,83408
136,2024-02-02,Mobile,Electronics,East,10381,8,83048
137,2024-06-06,Mobile,Electronics,West,46133,9,415197
138,2024-04-13,Headphones,Accessories,South,5656,8,45248
139,2024-04-19,Monitor,Electronics,South,20433,8,163464
140,2024-05-31,Monitor,Electronics,West,14206,5,71030
141,2024-06-16,Mobile,Electronics,South,18566,10,185660
142,2024-04-09,Keyboard,Accessories,West,3428,10,34280
143,2024-09-07,Keyboard,Accessories,North,31479,7,220353
144,2024-02-13,Mobile,Electronics,North,46431,6,278586
145,2024-05-29,Headphones,Accessories,North,23026,3,69078
146,2024-10-16,Mobile,Electronics,West,32857,7,229999
147,2024-09-15,Monitor,Electronics,West,17964,4,71856
148,2024-06-07,Keyboard,Accessories,South,31738,3,95214
149,2024-04-18,Mobile,Electronics,West,8746,6,52476
150,2024-08-04,Keyboard,Accessories,East,43336,2,86672
151,2024-01-06,Headphones,Accessories,South,32319,10,323190
152,2024-07-16,Mouse,Accessories,North,30224,7,211568
153,2024-05-30,Monitor,Electronics,East,43430,4,173720
154,2024-04-07,Tablet,Electronics,North,39489,3,118467
155,2024-06-20,Laptop,Electronics,South,37016,5,185080
156,2024-01-24,Keyboard,Accessories,West,25902,2,51804
157,2024-10-03,Mouse,Accessories,East,8641,2,17282
158,2024-06-12,Mouse,Accessories,West,24327,10,243270
159,2024-02-03,Keyboard,Accessories,South,29677,7,207739
160,2024-05-21,Laptop,Electronics,East,34274,6,205644
161,2024-10-05,Tablet,Electronics,West,6676,8,53408
162,2024-09-01,Keyboard,Accessories,East,45064,6,270384
163,2024-04-22,Headphones,Accessories,South,22184,9,199656
164,2024-05-14,Headphones,Accessories,West,5125,3,15375
165,2024-07-25,Mouse,Accessories,South,30047,7,210329
166,2024-05-31,Tablet,Electronics,South,35786,10,357860
167,2024-02-27,Monitor,Electronics,East,17990,1,17990
168,2024-07-16,Mobile,Electronics,North,12351,5,61755
169,2024-04-28,Headphones,Accessories,East,38771,10,387710
170,2024-01-26,Tablet,Electronics,South,26267,2,52534
171,2024-06-17,Mobile,Electronics,East,45358,1,45358
172,2024-04-29,Headphones,Accessories,East,41614,4,166456
173,2024-06-18,Monitor,Electronics,East,49666,8,397328
174,2024-07-03,Tablet,Electronics,West,17146,3,51438
175,2024-08-22,Headphones,Accessories,East,14414,7,100898
176,2024-08-16,Keyboard,Accessories,South,33509,10,335090
177,2024-01-01,Monitor,Electronics,South,9265,7,64855
178,2024-06-10,Keyboard,Accessories,North,48364,10,483640
179,2024-01-23,Tablet,Electronics,North,11995,7,83965
180,2024-08-22,Monitor,Electronics,North,20876,8,167008
181,2024-05-27,Tablet,Electronics,South,48061,2,96122
182,2024-07-06,Mobile,Electronics,South,36987,3,110961
183,2024-04-24,Mobile,Electronics,East,39078,3,117234
184,2024-02-20,Monitor,Electronics,East,39288,7,275016
185,2024-08-15,Monitor,Electronics,East,15903,8,127224
186,2024-09-19,Monitor,Electronics,East,25009,6,150054
187,2024-03-30,Monitor,Electronics,East,4567,2,9134
188,2024-06-03,Mobile,Electronics,North,20612,4,82448
189,2024-07-15,Headphones,Accessories,West,23285,5,116425
190,2024-01-06,Tablet,Electronics,West,1286,8,10288
191,2024-07-25,Keyboard,Accessories,East,4701,8,37608
192,2024-07-26,Monitor,Electronics,West,35905,8,287240
193,2024-04-10,Keyboard,Accessories,North,33816,2,67632
194,2024-01-10,Headphones,Accessories,North,44864,2,89728
195,2024-04-14,Mobile,Electronics,East,29872,4,119488
196,2024-05-12,Tablet,Electronics,South,11246,7,78722
197,2024-08-10,Keyboard,Accessories,West,46672,1,46672
198,2024-07-13,Monitor,Electronics,West,39236,2,78472
199,2024-04-29,Keyboard,Accessories,East,32975,1,32975
200,2024-04-23,Mobile,Electronics,South,35150,3,105450
